<?xml version="1.0" encoding="utf-8"?>
<resources>
    <string name="app_name">Riwayat_Pemesanan</string>
    <string name="header_title_riwayat_pemesanan">Riwayat Pemesanan</string>
    <string name="content_description_back_button">Tombol Kembali</string>
    <string name="content_description_app_logo">Logo Aplikasi</string>

    <string name="tab_selesai">Selesai</string>
    <string name="tab_dibatalkan">Dibatalkan</string>
    <string name="tab_pengembalian">Pengembalian</string>

    <string name="text_sewa_lagi">Sewa Lagi</string>
    <string name="text_lihat_penilaian">Lihat Penilaian</string>
    <string name="text_rincian_pembatalan">Rincian Pembatalan</string> <string name="text_rincian_pengembalian">Rincian Pengembalian</string> <string name="status_selesai">Selesai</string>
    <string name="status_dibatalkan">Dibatalkan</string> <string name="status_pengembalian">Pengembalian</string> <string name="order_id_prefix">Pesanan #</string>
    <string name="product_name_arlecchino">Arlecchino</string>
    <string name="product_game_genshin_impact">Genshin Impact</string>
    <string name="product_name_clara">Clara</string>
    <string name="product_game_honkai_star_rail">Honkai Star Rail</string>
    <string name="product_name_fuxuan">Fuxuan</string>
    <string name="product_name_march7th_hunt">March 7th The Hunt</string>

    <string name="date_example">28 Mei 2025</string>

    <string name="price_arlecchino">RP 150.000 / 3 days</string>
    <string name="price_clara">RP 135.000 / 3 days</string>
    <string name="price_fuxuan">RP 160.000 / 3 days</string>
    <string name="price_march7th">RP 140.000 / 3 days</string>

    <string name="title_rincian_pembatalan">Rincian Pembatalan</string>
    <string name="title_rincian_pengembalian">Rincian Pengembalian</string>
    <string name="pembatalan_berhasil">Pembatalan Berhasil</string>
    <string name="pengembalian_berhasil">Pengembalian Berhasil</string>
    <string name="label_diminta_oleh">Diminta oleh</string>
    <string name="label_diminta_pada">Diminta pada</string>
    <string name="label_alasan">Alasan</string>
    <string name="label_customer">Customer</string>
    <string name="ukuran_m">Ukuran M</string> <string name="default_date_time">2025-01-19 10:20</string>
    <string name="alasan_pembatalan_example">ingin mengubah alamat pengiriman</string>
    <string name="alasan_pengembalian_example">Ketika sampai terdapat barang yang rusak</string>

</resources>