<?xml version="1.0" encoding="utf-8"?>
<selector xmlns:android="http://schemas.android.com/apk/res/android">

    <item android:state_pressed="true">
        <shape android:shape="rectangle">
            <corners android:radius="24dp" />
            <solid android:color="#E0E0E0" /> <stroke android:width="1dp" android:color="@color/black" />
        </shape>
    </item>

    <item>
        <shape android:shape="rectangle">
            <corners android:radius="24dp" />
            <solid android:color="@android:color/transparent" /> <stroke android:width="1dp" android:color="@color/black" /> </shape>
    </item>
</selector>